id,pos_id,pos_type,address,city,bban,iban,merchant_id,merchant_name,merchant_fee,registered_date,last_update_date
1,FRT226555418,Nixdorf,"Jablonecká 8, 751 62 Lázně Kynžvart",Praha,WMPG80659947960745,GB39FDEL38375659554258,502853340,Dvořáková Beranová s.r.o.,0.26,2007-11-09,2023-04-11
2,GLA879447161,Verifone,"Paťanka 79, 420 16 Osečná",Praha,UPJA92114415975600,GB92PTQD38819271741859,150874212,Doležalová a.s.,0.28,2020-05-28,2023-02-28
3,BCI011172915,Ingenico,"Makedonská 90, 757 33 Horšovský Týn",Brno,JZME71114388186515,GB03VACA60070312388275,994307389,Krejčí Benešová a.s.,0.26,1993-07-03,2023-05-26
4,VHK972942455,Verifone,"Na Šubě 375, 130 55 Miletín",Liberec,HFCC66787431581270,GB90GUAN60818272676745,897680659,Nováková s.r.o.,0.28,2001-09-22,2022-11-07
5,JQD459538828,PAX,"Nábřeží Ludvíka Svobody 5, 421 37 Kladruby",Ostrava,AKYR12150402044575,GB11XZCA33986955617577,677173041,Kolář s.r.o.,0.22,2014-01-29,2023-09-17
6,VJN116673861,Verifone,"Staňkovka 117, 552 37 Zlín",Praha,VTXX75896227572248,GB50URAY54086079559086,221894330,Kučera a.s.,0.29,2015-02-16,2023-07-02
7,OVF474122220,PAX,"Vstupní 26, 445 87 Sezimovo Ústí",Praha,PEEZ38865021219347,GB06JFEF59722946439625,405698193,Šimek Novotný o.s.,0.21,1993-11-01,2023-07-25
8,KPW361079368,Verifone,"Mukařovského 6, 455 02 Ždírec nad Doubravou",Liberec,AKCH69149339294432,GB13JSFQ66670891544196,576646899,Krejčová Vacková a.s.,0.26,2016-05-20,2023-05-29
9,GAU649764127,Verifone,"Slivenecká 909, 307 83 Smiřice",Plzeň,ONAE89692196637992,GB78IHTM88186640615898,673161487,Šťastný Jelínek a.s.,0.21,1999-07-09,2023-04-24
10,RDB866861905,Verifone,"Žilinská 660, 558 20 Planá nad Lužnicí",Plzeň,EBER14846364574522,GB82WNGM87190477328585,148445885,Křížová a.s.,0.27,1994-05-10,2023-06-14
11,ISD057345955,Verifone,"Doubravínova 2, 516 83 Jihlava",Praha,WMZX21945528864701,GB67OVYZ85108923573363,407905933,Kříž Blažek s.r.o.,0.29,1995-12-30,2022-11-04
12,IBA447099536,Nixdorf,"Nad Šancemi 8, 756 18 Vimperk",Ostrava,HJAT54272397374589,GB34KEFQ91912852876842,688929229,Hájková o.s.,0.2,2009-01-24,2023-03-20
13,WRA917836496,PAX,"Snopkova 678, 306 31 Stříbro",Brno,PRDL08985724706620,GB12NKIC70165760718181,843441580,Jelínek s.r.o.,0.26,2010-04-27,2023-04-10
14,XRH171713140,PAX,"Za Pivovarem 462, 177 09 Město Touškov",Ostrava,EGPK52616379638300,GB85ZDEJ85316772419768,923342765,Kučerová,0.22,2016-06-30,2023-03-08
15,BIT636269744,Verifone,"Pod Lochkovem 119, 585 91 Hrochův Týnec",Praha,KAOB35587054563873,GB77LYOS68401896362431,377523605,Bartošová,0.28,2007-02-24,2023-01-05
16,LVP592097333,Ingenico,"Podléšková 7, 393 56 Dubí",Plzeň,MUBR09902187975912,GB40KQHO25860220521614,568367547,Nováková Veselý a.s.,0.21,1995-04-28,2023-04-29
17,UCK520556845,Verifone,"K Přehradám 867, 148 15 Kardašova Řečice",Ostrava,PVBL93301330385666,GB67BBPV08122267608715,770894287,Polák,0.25,1997-10-22,2023-04-30
18,CMD798141927,Nixdorf,"Veronské Nám. 687, 586 66 Fryšták",Praha,CXIK59192139735722,GB70TJKO42752260511441,584057562,Bartošová,0.29,1992-03-26,2022-12-02
19,CKY290183224,Ingenico,"U Nové Dálnice 262, 186 78 Česká Kamenice",Liberec,QQRE26077024416814,GB60FDDV23424176503360,562518294,Kučerová Tichá o.s.,0.29,2011-12-22,2023-03-18
20,YEL757305047,Verifone,"Petříkova 8, 564 74 Štramberk",Ostrava,GMKS03384056653053,GB44TQDT64200339242295,314265277,Pokorná a.s.,0.3,1995-12-02,2023-07-27
21,PFI925350742,Nixdorf,"Za Arielem 682, 779 96 Husinec",Vidnava,OHWC42496411003668,GB07DZFA55517133402405,500895867,Tichá Kadlecová a.s.,0.29,2002-03-22,2023-02-12
22,UWD010049607,PAX,"Staňkovka 147, 372 90 Lovosice",Praha,MZJB24529237918686,GB45HPQQ35031133323835,944705772,Černá,0.26,2020-01-25,2023-02-18
23,QBA574454882,Ingenico,"Josefa Houdka 160, 115 51 Zásmuky",Ostrava,ZNZY65709691061244,GB71LHEI49807189108858,722825833,Novotný,0.29,2018-04-22,2023-03-07
24,YQS064340895,Verifone,"Nad Olšinami 611, 184 94 Konice",Praha,UVBU26901245994633,GB23WZVB34833816786031,988475187,Růžička o.s.,0.2,1992-07-06,2022-10-09
25,BUC450957088,Ingenico,"Plánická 60, 155 21 Ždánice",Brno,JSAX27645874572420,GB77YGDP79666513461900,933397112,Čermáková a.s.,0.22,2006-04-28,2022-11-24
26,TGE837097410,Verifone,"Jablonecká 67, 673 47 Horní Jiřetín",Praha,QQGC60072463435073,GB67TFZA81734198129043,938277877,Kopecká,0.24,2021-04-13,2023-07-26
27,XRT219187736,Ingenico,"Weilova 245, 444 05 Holýšov",Praha,PUGN18058860042129,GB17ATBJ50082003552443,363243213,Soukup Veselá s.r.o.,0.24,2004-07-15,2023-07-18
28,XCW200411616,PAX,"Do Zahrádek Ii 9, 535 95 Třebechovice pod Orebem",Plzeň,VKLZ04634506317769,GB21PVMT48763669620109,139277884,Krejčová,0.24,2014-09-14,2022-10-09
29,QBS751894498,Ingenico,"Malešovská 565, 619 76 Libčice nad Vltavou",Liberec,RNBP12067827581705,GB60XHMQ81970030757415,704297122,Marková,0.29,2006-11-04,2023-01-04
30,IMZ552464822,Ingenico,"Benákova 289, 306 05 Kostelec nad Orlicí",Praha,SRUC51723702729848,GB06QVWV92486238449285,275383197,Veselá Polák a.s.,0.25,2019-02-02,2022-09-19
31,MSH718150333,Ingenico,"U Pumpy 77, 484 66 Kdyně",Ostrava,OTLV77194733821476,GB45URVC56010936557397,957498208,Jandová,0.28,2016-11-07,2023-06-06
32,HXW850807767,Ingenico,"Průškova 82, 298 42 Holice",Ostrava,CVWI27816912733193,GB24ICQD94922514078561,909808600,Beranová s.r.o.,0.21,2011-06-12,2023-02-13
33,AMM873907846,Ingenico,"Brixiho 5, 562 39 Hanušovice",Nasavrky,KZYZ22634618614254,GB91VMOP62264685093971,969011384,Urbanová a.s.,0.21,2003-11-04,2023-04-28
34,SPI362406525,Ingenico,"Sitteho 4, 410 21 Horní Cerekev",Praha,WVLA43217494522901,GB25SAUK75747770060870,157949424,Král s.r.o.,0.24,1997-10-19,2022-10-28
35,FSN964622950,Ingenico,"Medlovská 6, 461 32 Nové Sedlo",Plzeň,KNLI30917353394688,GB23OWJI33825294691188,295054132,Králová s.r.o.,0.29,2000-02-11,2023-07-01
36,RWX366842746,Nixdorf,"Před Rybníkem 29, 265 96 Hranice (okres Cheb)",Praha,YHMQ05392750670820,GB84KDCV80952030844471,298293719,Jelínková Malá o.s.,0.23,1995-04-05,2023-06-15
37,UMS739560837,Ingenico,"Anny Drabíkové 21, 398 03 Svoboda nad Úpou",Plzeň,TFXB71571339046033,GB83ALAU55729187222366,220314470,Němec o.s.,0.27,1993-07-24,2023-06-22
38,KGO860206074,PAX,"Jižní 347, 564 87 Šluknov",Brno,HYRL01660168288662,GB16ENQH63393739072837,857680734,Kadlec Holubová a.s.,0.22,1997-03-04,2022-11-15
39,BFM336052462,Verifone,"Žižkova 9, 672 71 Jesenice (okres Rakovník)",Praha,TRKX07947765317112,GB10VGMF89085596651030,571309730,Horáková o.s.,0.27,1992-01-21,2023-07-28
40,ZFM200603269,Verifone,"K Brusce 808, 717 41 Planá nad Lužnicí",Golčův Jeníkov,NJZR88144043157397,GB14QDVW58537501064638,464644954,Křížová Kratochvíl o.s.,0.24,2004-11-03,2023-08-22
41,NLZ129008312,Ingenico,"Kostková 39, 593 52 Dašice",Plzeň,SHRK26559709128229,GB43VJJP62210601252000,660995157,Vávrová s.r.o.,0.2,2022-06-23,2023-07-21
42,DVD794068216,Ingenico,"K Lipám 25, 542 18 Měčín",Praha,QHAC93850517622341,GB36QADI28960243531483,319614969,Bartošová a.s.,0.22,2012-06-28,2023-01-28
43,KAR040844881,PAX,"U Waltrovky 94, 524 96 Krásno",Plzeň,KJYC15866368770182,GB91KUYL78224928523862,116078437,Šťastný,0.26,2021-05-12,2023-02-01
44,ZSB106466979,PAX,"Boršov 5, 691 34 Roztoky",Plzeň,MVLH91217855668115,GB10JEDV01701232871379,735798296,Mašek Bartoš o.s.,0.21,2016-08-08,2023-01-13
45,DFT544138597,PAX,"Čuprova 883, 734 60 Přelouč",Ostrava,HZDD38850103394093,GB49VGSI83466802042112,395003520,Marešová o.s.,0.25,2021-11-15,2022-11-19
46,AWS178485934,Nixdorf,"Podle Náhonu 1, 266 46 Golčův Jeníkov",Brno,NTQD29880509316451,GB94MDII71651823553405,215416229,Růžička a.s.,0.28,2009-05-02,2022-10-12
47,QUU065206594,Nixdorf,"K Nádrži 97, 399 44 Lučany nad Nisou",Ostrava,WMFO63298865914339,GB74OLTN98973815490505,884843533,Malá Hájková a.s.,0.21,2017-01-29,2023-09-07
48,XCO004139431,Nixdorf,"Červenkova 7, 656 33 Velká Bystřice",Brno,GVZN59973248116129,GB82BYXY17746857341458,549407724,Jelínek a.s.,0.2,1995-01-28,2022-11-18
49,WTH746292136,Verifone,"Průjezdná 47, 210 89 Kladno",Plzeň,ECTM86111909467995,GB94GDYX22286844580414,968340271,Krejčová,0.21,2003-07-22,2022-11-19
50,NOY653583314,Verifone,"Nad Návsí 701, 143 79 Javorník",Praha,YOPI39156166535395,GB64LBPO89335798864760,178756429,Urbanová,0.23,2009-03-29,2022-12-28
51,SBQ942580787,Ingenico,"Františka Černého 171, 309 12 Borovany",Ostrava,JWHN52119984906862,GB21WHFO92485587391128,290465286,Pokorná a.s.,0.28,2008-07-08,2022-10-03
52,DHH719136776,Nixdorf,"Čestmírova 81, 701 59 Seč",Ostrava,RYBX46823952979206,GB91BIJN27079545344315,995904437,Zeman a.s.,0.22,2016-06-23,2023-06-28
53,UVP324428433,Ingenico,"Kosmonoská 9, 119 43 Pardubice",Ostrava,JMNL96108222988488,GB80OXTM24491204133602,382055379,Němec Čermáková a.s.,0.24,2015-04-04,2023-08-17
54,WZN054178456,Verifone,"Šermířská 26, 310 50 Hořice",Brno,IMWQ81279094926128,GB97OMML13919038569696,533021390,Procházka,0.25,2022-01-19,2023-06-22
55,XUW996732984,Ingenico,"Prusíkova 4, 272 09 Pec pod Sněžkou",Praha,XZFK71993379979077,GB17JYQX47898818717447,511775521,Bartoš Holub o.s.,0.22,2002-02-23,2023-05-10
56,USU872146432,Verifone,"Trytova 66, 392 60 Horní Bříza",Brno,ETHL43292247085949,GB34FEIZ24927820983844,888494479,Bartoš Bartošová a.s.,0.27,2004-11-29,2023-08-17
57,FBD076854073,PAX,"Novákovo Náměstí 473, 390 68 Ledeč nad Sázavou",Praha,JHOT62584102203959,GB78QIRH35441644340408,921756271,Blažková o.s.,0.29,2003-12-31,2023-04-10
58,XGP414923536,PAX,"Roblínská 1, 547 31 Smečno",Praha,DRMB17363524773382,GB41LIRL05729904301568,164126457,Vlčková s.r.o.,0.27,1994-10-24,2023-05-31
59,PFV611647865,PAX,"Olympijská 675, 253 05 Skalná",Praha,IQCT58898947519519,GB71AVMQ86713846306733,629266469,Urban,0.21,2019-11-05,2023-02-04
60,VGH302481319,Nixdorf,"Svojsíkova 224, 533 56 Lovosice",Plzeň,MKXB40611510273624,GB37DOGF03117764583846,525635031,Čermáková Blažek o.s.,0.24,2014-06-09,2022-11-21
61,FSE371582584,PAX,"Jablonecká 5, 354 21 Karolinka",Brno,ZIHZ86694421342972,GB12BYDN07420233477151,458821992,Růžičková,0.29,1997-11-17,2022-12-21
62,AVG069107736,Ingenico,"Podohradská 687, 449 40 Sezemice",Ostrava,GXVF79963790137512,GB78EHHA15028022160994,708993608,Novotný Moravec s.r.o.,0.26,1993-04-22,2023-01-01
63,MFV868928224,PAX,"Thurnova 8, 597 77 Plánice",Ostrava,UKZP79860448041490,GB20MNBI65859092956507,824948525,Moravec Jandová a.s.,0.26,1998-10-14,2023-01-23
64,XXE376017881,Nixdorf,"Kalská 3, 195 71 Třebechovice pod Orebem",Brno,JWBB92962095918363,GB96RPVY38600506034060,112285464,Vávrová,0.23,1991-12-22,2023-07-24
65,TIB115154908,Ingenico,"K Vodě 8, 375 68 Luhačovice",Ostrava,RJPV99797426588849,GB58YROO84948444369724,611189051,Vacková Bartošová s.r.o.,0.21,2005-10-25,2023-08-20
66,PYO920024277,Ingenico,"U Větrníku 69, 777 21 Sedlec-Prčice",Brno,FBWN91650410431789,GB79ZLHX05142033815250,706609959,Kratochvílová,0.2,2015-01-25,2022-12-02
67,LSQ067386431,PAX,"Moravanů 961, 404 69 Vysoké Veselí",Liberec,QKSQ14935718940689,GB89EIJX56990747466162,807584710,Malá,0.24,2019-11-29,2023-03-13
68,PGU600373827,Ingenico,"Podlešínská 2, 391 64 Březnice",Liberec,SVEM41863092582836,GB88JIZH51214501498947,302303708,Vaňková Fialová s.r.o.,0.24,2004-03-18,2023-03-10
69,TYQ194009199,PAX,"Kotrčová 5, 500 50 Dubňany",Brno,RCSQ41888912444957,GB97GTZS83283226440296,111141403,Jandová o.s.,0.27,1992-01-29,2023-06-14
70,MOX704602898,PAX,"Mládkova 83, 459 27 Rtyně v Podkrkonoší",Brno,POFJ49818667099342,GB95ZYNF76382855455339,742367076,Procházka Čermák o.s.,0.21,1993-12-30,2022-12-05
71,DAF507269881,Ingenico,"Grammova 33, 725 72 Mníšek pod Brdy",Plzeň,WDAO87334269324284,GB10AKBM73765553800527,159740289,Beranová Pokorná s.r.o.,0.3,1999-10-18,2023-07-13
72,TDX225624764,PAX,"Neužilova 56, 482 35 Pečky",Praha,ZFHH00751299644597,GB88ZQOU51111591025451,237577285,Svobodová s.r.o.,0.29,2007-04-19,2023-03-22
73,TDS248481728,Verifone,"K Brusce 1, 137 57 Liběchov",Liberec,EYHS71850381316924,GB48XLGR32580108905543,242341636,Beranová s.r.o.,0.3,1999-09-25,2023-01-17
74,TMY711985390,Nixdorf,"U Větrníku 986, 335 14 Městec Králové",Praha,PXWY53530234371950,GB25STJA67168819305067,421812878,Soukupová,0.28,2003-08-07,2023-03-16
75,PEK387856233,Ingenico,"Mezi Lysinami 27, 757 70 Přelouč",Praha,ZXBW68261409777924,GB83ANJY09194060712295,287591960,Bláhová,0.27,2005-06-04,2022-12-06
76,DTM272278709,Nixdorf,"Bazovského 78, 345 47 Ronov nad Doubravou",Ostrava,MWNN50619906214598,GB59CEMJ40996405276606,520116993,Novotný Dvořáková s.r.o.,0.24,2021-06-10,2023-09-19
77,LIE801087995,PAX,"Petřínská 6, 460 64 Janovice nad Úhlavou",Praha,ABNC42650163507028,GB32XSMB04690901943431,853373140,Malá,0.26,2007-12-14,2022-11-23
78,HXP134601328,Nixdorf,"Doubravická 294, 740 22 Stříbro",Brno,VIHA06274772763933,GB69CWIX20942963847010,348419276,Tichá,0.28,1993-08-16,2023-03-21
79,GAO271798646,Ingenico,"Křimická 75, 128 82 Mýto",Ostrava,XMHY16176401951621,GB15ICIQ10524501370153,413701913,Dvořáková,0.3,2017-08-23,2023-02-09
80,XDZ710149506,PAX,"Jarešova 69, 232 35 Kunovice",Brno,XRKK23117325369453,GB91GANS92879220496977,734786004,Soukupová Urbanová s.r.o.,0.27,1991-10-24,2023-01-10
81,NXG325534219,PAX,"Vlašimská 5, 157 62 Horní Jiřetín",Brno,MPUN05967323621262,GB44XMLF73766652192538,262356849,Vávrová Hájková o.s.,0.23,1992-05-18,2023-09-06
82,CZX367589230,Ingenico,"Bořetínská 93, 496 06 Rabí",Praha,ZYQE92501872973822,GB59VCDB09194815641387,823440847,Soukup o.s.,0.3,1997-10-24,2023-04-28
83,BYW160939560,Ingenico,"Thurnova 133, 675 48 Kladruby",Plzeň,PVEP00575860864095,GB13UEHL43936090114156,617364906,Mašek o.s.,0.22,1994-01-14,2022-09-24
84,EDA814797556,Verifone,"Horní Chaloupky 243, 463 74 Rovensko pod Troskami",Brno,APZD35579808402212,GB86DIVK10603045398117,170148559,Němec Doležal a.s.,0.26,2014-04-06,2022-10-09
85,UZT538205498,Nixdorf,"Meziškolská 50, 761 22 Ronov nad Doubravou",Ostrava,USEY93303809387963,GB37HVEQ34152071025755,923398048,Moravcová Blažková o.s.,0.23,2008-04-19,2023-03-01
86,OFM486979994,Ingenico,"Dělnická 237, 115 64 Havířov",Praha,RZWZ84268322127228,GB02EKCZ29941692641353,345497066,Marková,0.2,2008-08-02,2023-09-18
87,PSY665414052,PAX,"Lehárova 90, 611 33 Třeboň",Brno,VBNX76842767759358,GB46LYJP28065555296364,578871062,Kříž,0.22,2005-07-15,2023-04-03
88,QBU806688961,Ingenico,"Nýdecká 370, 501 80 Abertamy",Praha,NYFH38664683337825,GB86BKUD73765700743103,187523975,Kadlec s.r.o.,0.21,2009-11-15,2022-10-21
89,EEM405336413,Ingenico,"Lovčenská 716, 489 91 Hořice",Liberec,ZHTO46644725034786,GB45PDNV25679500928828,783941217,Svobodová a.s.,0.25,2005-12-02,2023-04-07
90,FVG331605271,Nixdorf,"Vlastislavova 138, 546 08 Dolní Bousov",Ostrava,NCFH38092968268224,GB71VDZO78474274957565,777888016,Svobodová s.r.o.,0.27,2009-01-16,2022-11-07
91,HXY518350504,PAX,"Josefa Šimůnka 826, 345 17 Bechyně",Brno,UAOU78039164990627,GB79TLOG77270303183993,940423782,Horáková o.s.,0.25,2001-05-19,2022-10-21
92,EBV144841997,Ingenico,"Nad Krocínkou 9, 591 64 Karlovy Vary",Brno,PPIW15671596488487,GB75WTLX14960124941099,324563723,Mareš Bláha s.r.o.,0.28,2000-07-09,2023-05-20
93,XMJ875518072,Ingenico,"Vlašimská 79, 483 99 Hrádek",Brno,DSCJ69475028145548,GB48GVEG65334999277188,393194209,Poláková,0.2,2008-07-18,2023-07-04
94,TJO809972801,Ingenico,"Severovýchodní Vi 6, 170 77 Lišov",Plzeň,JPQF84288042239932,GB65HZXB33575831914264,639107893,Dušek s.r.o.,0.26,2003-05-19,2023-04-02
95,PJP329699018,PAX,"Spolupráce 460, 210 33 Starý Plzenec",Ostrava,ASSS30985296000822,GB93CWMF81117801791977,424613595,Dvořáková,0.21,1994-05-26,2022-11-12
96,NCH146594266,Verifone,"Vraňanská 146, 113 02 Frýdek-Místek",Plzeň,VNTH21708067457883,GB96UTGN58586498188532,534766639,Marešová,0.28,1992-08-20,2023-03-11
97,EKC577853471,Ingenico,"Hostivařské Nám. 4, 524 86 Kryry",Ostrava,BPHB09854587516456,GB13AEQJ52012897846409,898001392,Novotná Poláková o.s.,0.28,2012-05-04,2022-12-17
98,PKJ550976990,PAX,"Ambrožova 6, 235 59 Husinec",Ostrava,DEMK77660794094475,GB87ZSPF21347599987635,765462141,Čermáková s.r.o.,0.29,2021-06-12,2023-04-20
99,UOC035045444,Ingenico,"Estonská 69, 327 92 Vyšší Brod",Brno,YPQH83389041834766,GB63LXGH39745407387857,100532748,Kopecký a.s.,0.26,1999-08-23,2023-06-12
100,YZA947375430,Ingenico,"Libuňská 10, 718 01 Police nad Metují",Praha,ZATI77437018857397,GB31UXXB04153615898972,432437113,Jelínková,0.23,2003-12-03,2023-02-06
